image0.jpeg,5,dog
image1.jpeg,6,frog
image2.jpeg,4,deer
image3.jpeg,9,truck
image4.jpeg,2,bird
image5.jpeg,0,airplane
image6.jpeg,7,horse
image7.jpeg,0,airplane
image8.jpeg,9,truck
image9.jpeg,9,truck
image10.jpeg,7,horse
image11.jpeg,1,automobile
image12.jpeg,3,cat
image13.jpeg,4,deer
image14.jpeg,4,deer
image15.jpeg,8,ship
image16.jpeg,7,horse
image17.jpeg,4,deer
image18.jpeg,8,ship
image19.jpeg,3,cat
image20.jpeg,7,horse
image21.jpeg,7,horse
image22.jpeg,6,frog
image23.jpeg,5,dog
image24.jpeg,5,dog
image25.jpeg,5,dog
image26.jpeg,2,bird
image27.jpeg,8,ship
image28.jpeg,4,deer
image29.jpeg,0,airplane
image30.jpeg,4,deer
image31.jpeg,0,airplane
image32.jpeg,9,truck
image33.jpeg,4,deer
image34.jpeg,2,bird
image35.jpeg,8,ship
image36.jpeg,4,deer
image37.jpeg,4,deer
image38.jpeg,3,cat
image39.jpeg,0,airplane
image40.jpeg,7,horse
image41.jpeg,2,bird
image42.jpeg,9,truck
image43.jpeg,7,horse
image44.jpeg,5,dog
image45.jpeg,5,dog
image46.jpeg,8,ship
image47.jpeg,9,truck
image48.jpeg,3,cat
image49.jpeg,9,truck
image50.jpeg,2,bird
image51.jpeg,5,dog
image52.jpeg,2,bird
image53.jpeg,0,airplane
image54.jpeg,6,frog
image55.jpeg,4,deer
image56.jpeg,8,ship
image57.jpeg,0,airplane
image58.jpeg,5,dog
image59.jpeg,1,automobile
image60.jpeg,1,automobile
image61.jpeg,4,deer
image62.jpeg,7,horse
image63.jpeg,3,cat
image64.jpeg,2,bird
image65.jpeg,1,automobile
image66.jpeg,5,dog
image67.jpeg,9,truck
image68.jpeg,5,dog
image69.jpeg,6,frog
image70.jpeg,0,airplane
image71.jpeg,3,cat
image72.jpeg,5,dog
image73.jpeg,8,ship
image74.jpeg,7,horse
image75.jpeg,4,deer
image76.jpeg,3,cat
image77.jpeg,8,ship
image78.jpeg,4,deer
image79.jpeg,6,frog
image80.jpeg,9,truck
image81.jpeg,3,cat
image82.jpeg,9,truck
image83.jpeg,4,deer
image84.jpeg,8,ship
image85.jpeg,2,bird
image86.jpeg,7,horse
image87.jpeg,2,bird
image88.jpeg,5,dog
image89.jpeg,4,deer
image90.jpeg,7,horse
image91.jpeg,5,dog
image92.jpeg,7,horse
image93.jpeg,7,horse
image94.jpeg,6,frog
image95.jpeg,6,frog
image96.jpeg,4,deer
image97.jpeg,8,ship
image98.jpeg,7,horse
image99.jpeg,7,horse
image100.jpeg,6,frog
image101.jpeg,4,deer
image102.jpeg,6,frog
image103.jpeg,1,automobile
image104.jpeg,2,bird
image105.jpeg,7,horse
image106.jpeg,7,horse
image107.jpeg,3,cat
image108.jpeg,0,airplane
image109.jpeg,0,airplane
image110.jpeg,0,airplane
image111.jpeg,9,truck
image112.jpeg,6,frog
image113.jpeg,0,airplane
image114.jpeg,9,truck
image115.jpeg,2,bird
image116.jpeg,8,ship
image117.jpeg,7,horse
image118.jpeg,1,automobile
image119.jpeg,2,bird
image120.jpeg,3,cat
image121.jpeg,3,cat
image122.jpeg,0,airplane
image123.jpeg,7,horse
image124.jpeg,6,frog
image125.jpeg,1,automobile
image126.jpeg,7,horse
image127.jpeg,5,dog
image128.jpeg,2,bird
image129.jpeg,6,frog
image130.jpeg,7,horse
image131.jpeg,6,frog
image132.jpeg,1,automobile
image133.jpeg,2,bird
image134.jpeg,5,dog
image135.jpeg,2,bird
image136.jpeg,4,deer
image137.jpeg,1,automobile
image138.jpeg,9,truck
image139.jpeg,7,horse
image140.jpeg,0,airplane
image141.jpeg,2,bird
image142.jpeg,9,truck
image143.jpeg,2,bird
image144.jpeg,9,truck
image145.jpeg,8,ship
image146.jpeg,4,deer
image147.jpeg,9,truck
image148.jpeg,6,frog
image149.jpeg,7,horse
image150.jpeg,1,automobile
image151.jpeg,6,frog
image152.jpeg,3,cat
image153.jpeg,8,ship
image154.jpeg,3,cat
image155.jpeg,3,cat
image156.jpeg,3,cat
image157.jpeg,0,airplane
image158.jpeg,9,truck
image159.jpeg,0,airplane
image160.jpeg,9,truck
image161.jpeg,2,bird
image162.jpeg,6,frog
image163.jpeg,1,automobile
image164.jpeg,9,truck
image165.jpeg,6,frog
image166.jpeg,4,deer
image167.jpeg,5,dog
image168.jpeg,9,truck
image169.jpeg,9,truck
image170.jpeg,4,deer
image171.jpeg,2,bird
image172.jpeg,3,cat
image173.jpeg,0,airplane
image174.jpeg,1,automobile
image175.jpeg,4,deer
image176.jpeg,3,cat
image177.jpeg,4,deer
image178.jpeg,8,ship
image179.jpeg,5,dog
image180.jpeg,5,dog
image181.jpeg,3,cat
image182.jpeg,4,deer
image183.jpeg,9,truck
image184.jpeg,6,frog
image185.jpeg,5,dog
image186.jpeg,3,cat
image187.jpeg,5,dog
image188.jpeg,7,horse
image189.jpeg,7,horse
image190.jpeg,8,ship
image191.jpeg,3,cat
image192.jpeg,3,cat
image193.jpeg,6,frog
image194.jpeg,2,bird
image195.jpeg,2,bird
image196.jpeg,9,truck
image197.jpeg,9,truck
image198.jpeg,4,deer
image199.jpeg,7,horse
image200.jpeg,2,bird
image201.jpeg,5,dog
image202.jpeg,9,truck
image203.jpeg,8,ship
image204.jpeg,5,dog
image205.jpeg,7,horse
image206.jpeg,0,airplane
image207.jpeg,1,automobile
image208.jpeg,3,cat
image209.jpeg,9,truck
image210.jpeg,2,bird
image211.jpeg,3,cat
image212.jpeg,3,cat
image213.jpeg,5,dog
image214.jpeg,8,ship
image215.jpeg,9,truck
image216.jpeg,8,ship
image217.jpeg,7,horse
image218.jpeg,8,ship
image219.jpeg,7,horse
image220.jpeg,8,ship
image221.jpeg,3,cat
image222.jpeg,4,deer
image223.jpeg,9,truck
image224.jpeg,8,ship
image225.jpeg,4,deer
image226.jpeg,8,ship
image227.jpeg,2,bird
image228.jpeg,3,cat
image229.jpeg,1,automobile
image230.jpeg,1,automobile
image231.jpeg,5,dog
image232.jpeg,0,airplane
image233.jpeg,5,dog
image234.jpeg,8,ship
image235.jpeg,6,frog
image236.jpeg,0,airplane
image237.jpeg,5,dog
image238.jpeg,6,frog
image239.jpeg,9,truck
image240.jpeg,2,bird
image241.jpeg,7,horse
image242.jpeg,9,truck
image243.jpeg,9,truck
image244.jpeg,4,deer
image245.jpeg,1,automobile
image246.jpeg,0,airplane
image247.jpeg,8,ship
image248.jpeg,9,truck
image249.jpeg,1,automobile
image250.jpeg,1,automobile
image251.jpeg,9,truck
image252.jpeg,0,airplane
image253.jpeg,0,airplane
image254.jpeg,8,ship
image255.jpeg,8,ship
image256.jpeg,4,deer
image257.jpeg,3,cat
image258.jpeg,8,ship
image259.jpeg,0,airplane
image260.jpeg,2,bird
image261.jpeg,9,truck
image262.jpeg,1,automobile
image263.jpeg,0,airplane
image264.jpeg,8,ship
image265.jpeg,7,horse
image266.jpeg,5,dog
image267.jpeg,0,airplane
image268.jpeg,1,automobile
image269.jpeg,2,bird
image270.jpeg,9,truck
image271.jpeg,2,bird
image272.jpeg,3,cat
image273.jpeg,7,horse
image274.jpeg,3,cat
image275.jpeg,8,ship
image276.jpeg,2,bird
image277.jpeg,4,deer
image278.jpeg,0,airplane
image279.jpeg,7,horse
image280.jpeg,4,deer
image281.jpeg,1,automobile
image282.jpeg,3,cat
image283.jpeg,3,cat
image284.jpeg,1,automobile
image285.jpeg,9,truck
image286.jpeg,9,truck
image287.jpeg,2,bird
image288.jpeg,2,bird
image289.jpeg,0,airplane
image290.jpeg,4,deer
image291.jpeg,3,cat
image292.jpeg,6,frog
image293.jpeg,6,frog
image294.jpeg,5,dog
image295.jpeg,0,airplane
image296.jpeg,9,truck
image297.jpeg,1,automobile
image298.jpeg,1,automobile
image299.jpeg,1,automobile
image300.jpeg,5,dog
image301.jpeg,3,cat
image302.jpeg,0,airplane
image303.jpeg,8,ship
image304.jpeg,2,bird
image305.jpeg,0,airplane
image306.jpeg,3,cat
image307.jpeg,7,horse
image308.jpeg,7,horse
image309.jpeg,1,automobile
image310.jpeg,3,cat
image311.jpeg,8,ship
image312.jpeg,1,automobile
image313.jpeg,6,frog
image314.jpeg,2,bird
image315.jpeg,0,airplane
image316.jpeg,9,truck
image317.jpeg,0,airplane
image318.jpeg,3,cat
image319.jpeg,9,truck
image320.jpeg,4,deer
image321.jpeg,2,bird
image322.jpeg,7,horse
image323.jpeg,7,horse
image324.jpeg,5,dog
image325.jpeg,8,ship
image326.jpeg,2,bird
image327.jpeg,7,horse
image328.jpeg,8,ship
image329.jpeg,8,ship
image330.jpeg,9,truck
image331.jpeg,6,frog
image332.jpeg,6,frog
image333.jpeg,6,frog
image334.jpeg,0,airplane
image335.jpeg,5,dog
image336.jpeg,0,airplane
image337.jpeg,2,bird
image338.jpeg,5,dog
image339.jpeg,9,truck
image340.jpeg,5,dog
image341.jpeg,2,bird
image342.jpeg,6,frog
image343.jpeg,5,dog
image344.jpeg,4,deer
image345.jpeg,1,automobile
image346.jpeg,3,cat
image347.jpeg,6,frog
image348.jpeg,9,truck
image349.jpeg,5,dog
image350.jpeg,1,automobile
image351.jpeg,7,horse
image352.jpeg,9,truck
image353.jpeg,2,bird
image354.jpeg,9,truck
image355.jpeg,6,frog
image356.jpeg,9,truck
image357.jpeg,8,ship
image358.jpeg,3,cat
image359.jpeg,0,airplane
image360.jpeg,4,deer
image361.jpeg,3,cat
image362.jpeg,2,bird
image363.jpeg,6,frog
image364.jpeg,5,dog
image365.jpeg,7,horse
image366.jpeg,2,bird
image367.jpeg,7,horse
image368.jpeg,0,airplane
image369.jpeg,7,horse
image370.jpeg,3,cat
image371.jpeg,3,cat
image372.jpeg,2,bird
image373.jpeg,5,dog
image374.jpeg,1,automobile
image375.jpeg,5,dog
image376.jpeg,4,deer
image377.jpeg,0,airplane
image378.jpeg,1,automobile
image379.jpeg,3,cat
image380.jpeg,7,horse
image381.jpeg,7,horse
image382.jpeg,1,automobile
image383.jpeg,5,dog
image384.jpeg,0,airplane
image385.jpeg,1,automobile
image386.jpeg,4,deer
image387.jpeg,7,horse
image388.jpeg,3,cat
image389.jpeg,8,ship
image390.jpeg,9,truck
image391.jpeg,5,dog
image392.jpeg,5,dog
image393.jpeg,6,frog
image394.jpeg,4,deer
image395.jpeg,2,bird
image396.jpeg,6,frog
image397.jpeg,8,ship
image398.jpeg,6,frog
image399.jpeg,6,frog
image400.jpeg,0,airplane
image401.jpeg,3,cat
image402.jpeg,9,truck
image403.jpeg,5,dog
image404.jpeg,2,bird
image405.jpeg,1,automobile
image406.jpeg,8,ship
image407.jpeg,5,dog
image408.jpeg,3,cat
image409.jpeg,5,dog
image410.jpeg,2,bird
image411.jpeg,4,deer
image412.jpeg,5,dog
image413.jpeg,3,cat
image414.jpeg,1,automobile
image415.jpeg,8,ship
image416.jpeg,2,bird
image417.jpeg,1,automobile
image418.jpeg,3,cat
image419.jpeg,0,airplane
image420.jpeg,6,frog
image421.jpeg,3,cat
image422.jpeg,7,horse
image423.jpeg,6,frog
image424.jpeg,0,airplane
image425.jpeg,6,frog
image426.jpeg,1,automobile
image427.jpeg,4,deer
image428.jpeg,8,ship
image429.jpeg,7,horse
image430.jpeg,7,horse
image431.jpeg,2,bird
image432.jpeg,9,truck
image433.jpeg,4,deer
image434.jpeg,5,dog
image435.jpeg,2,bird
image436.jpeg,5,dog
image437.jpeg,4,deer
image438.jpeg,4,deer
image439.jpeg,6,frog
image440.jpeg,4,deer
image441.jpeg,6,frog
image442.jpeg,3,cat
image443.jpeg,3,cat
image444.jpeg,0,airplane
image445.jpeg,1,automobile
image446.jpeg,8,ship
image447.jpeg,3,cat
image448.jpeg,7,horse
image449.jpeg,5,dog
image450.jpeg,1,automobile
image451.jpeg,7,horse
image452.jpeg,9,truck
image453.jpeg,1,automobile
image454.jpeg,2,bird
image455.jpeg,4,deer
image456.jpeg,2,bird
image457.jpeg,0,airplane
image458.jpeg,9,truck
image459.jpeg,5,dog
image460.jpeg,1,automobile
image461.jpeg,0,airplane
image462.jpeg,9,truck
image463.jpeg,1,automobile
image464.jpeg,2,bird
image465.jpeg,5,dog
image466.jpeg,0,airplane
image467.jpeg,8,ship
image468.jpeg,9,truck
image469.jpeg,7,horse
image470.jpeg,1,automobile
image471.jpeg,7,horse
image472.jpeg,8,ship
image473.jpeg,3,cat
image474.jpeg,1,automobile
image475.jpeg,9,truck
image476.jpeg,6,frog
image477.jpeg,7,horse
image478.jpeg,4,deer
image479.jpeg,9,truck
image480.jpeg,6,frog
image481.jpeg,3,cat
image482.jpeg,1,automobile
image483.jpeg,1,automobile
image484.jpeg,8,ship
image485.jpeg,2,bird
image486.jpeg,9,truck
image487.jpeg,4,deer
image488.jpeg,5,dog
image489.jpeg,0,airplane
image490.jpeg,3,cat
image491.jpeg,0,airplane
image492.jpeg,4,deer
image493.jpeg,4,deer
image494.jpeg,6,frog
image495.jpeg,7,horse
image496.jpeg,8,ship
image497.jpeg,7,horse
image498.jpeg,2,bird
image499.jpeg,4,deer
image500.jpeg,5,dog
image501.jpeg,8,ship
image502.jpeg,5,dog
image503.jpeg,6,frog
image504.jpeg,2,bird
image505.jpeg,7,horse
image506.jpeg,3,cat
image507.jpeg,2,bird
image508.jpeg,1,automobile
image509.jpeg,8,ship
image510.jpeg,2,bird
image511.jpeg,8,ship
image512.jpeg,0,airplane
image513.jpeg,7,horse
image514.jpeg,4,deer
image515.jpeg,5,dog
image516.jpeg,3,cat
image517.jpeg,4,deer
image518.jpeg,8,ship
image519.jpeg,6,frog
image520.jpeg,2,bird
image521.jpeg,8,ship
image522.jpeg,9,truck
image523.jpeg,3,cat
image524.jpeg,3,cat
image525.jpeg,2,bird
image526.jpeg,0,airplane
image527.jpeg,1,automobile
image528.jpeg,1,automobile
image529.jpeg,7,horse
image530.jpeg,6,frog
image531.jpeg,9,truck
image532.jpeg,2,bird
image533.jpeg,5,dog
image534.jpeg,3,cat
image535.jpeg,4,deer
image536.jpeg,8,ship
image537.jpeg,9,truck
image538.jpeg,6,frog
image539.jpeg,7,horse
image540.jpeg,9,truck
image541.jpeg,7,horse
image542.jpeg,2,bird
image543.jpeg,8,ship
image544.jpeg,2,bird
image545.jpeg,5,dog
image546.jpeg,0,airplane
image547.jpeg,6,frog
image548.jpeg,2,bird
image549.jpeg,3,cat
image550.jpeg,1,automobile
image551.jpeg,9,truck
image552.jpeg,9,truck
image553.jpeg,7,horse
image554.jpeg,1,automobile
image555.jpeg,2,bird
image556.jpeg,5,dog
image557.jpeg,7,horse
image558.jpeg,4,deer
image559.jpeg,7,horse
image560.jpeg,3,cat
image561.jpeg,7,horse
image562.jpeg,6,frog
image563.jpeg,1,automobile
image564.jpeg,8,ship
image565.jpeg,4,deer
image566.jpeg,0,airplane
image567.jpeg,5,dog
image568.jpeg,5,dog
image569.jpeg,5,dog
image570.jpeg,3,cat
image571.jpeg,0,airplane
image572.jpeg,9,truck
image573.jpeg,6,frog
image574.jpeg,1,automobile
image575.jpeg,2,bird
image576.jpeg,2,bird
image577.jpeg,7,horse
image578.jpeg,7,horse
image579.jpeg,2,bird
image580.jpeg,8,ship
image581.jpeg,1,automobile
image582.jpeg,7,horse
image583.jpeg,2,bird
image584.jpeg,8,ship
image585.jpeg,5,dog
image586.jpeg,9,truck
image587.jpeg,9,truck
image588.jpeg,2,bird
image589.jpeg,6,frog
image590.jpeg,7,horse
image591.jpeg,5,dog
image592.jpeg,1,automobile
image593.jpeg,9,truck
image594.jpeg,1,automobile
image595.jpeg,8,ship
image596.jpeg,9,truck
image597.jpeg,2,bird
image598.jpeg,4,deer
image599.jpeg,7,horse
image600.jpeg,4,deer
image601.jpeg,1,automobile
image602.jpeg,3,cat
image603.jpeg,3,cat
image604.jpeg,9,truck
image605.jpeg,7,horse
image606.jpeg,1,automobile
image607.jpeg,7,horse
image608.jpeg,2,bird
image609.jpeg,5,dog
image610.jpeg,3,cat
image611.jpeg,3,cat
image612.jpeg,9,truck
image613.jpeg,1,automobile
image614.jpeg,3,cat
image615.jpeg,0,airplane
image616.jpeg,3,cat
image617.jpeg,8,ship
image618.jpeg,0,airplane
image619.jpeg,2,bird
image620.jpeg,3,cat
image621.jpeg,8,ship
image622.jpeg,3,cat
image623.jpeg,2,bird
image624.jpeg,4,deer
image625.jpeg,2,bird
image626.jpeg,6,frog
image627.jpeg,0,airplane
image628.jpeg,8,ship
image629.jpeg,3,cat
image630.jpeg,4,deer
image631.jpeg,0,airplane
image632.jpeg,7,horse
image633.jpeg,2,bird
image634.jpeg,8,ship
image635.jpeg,5,dog
image636.jpeg,5,dog
image637.jpeg,7,horse
image638.jpeg,3,cat
image639.jpeg,5,dog
image640.jpeg,1,automobile
image641.jpeg,7,horse
image642.jpeg,1,automobile
image643.jpeg,3,cat
image644.jpeg,8,ship
image645.jpeg,6,frog
image646.jpeg,1,automobile
image647.jpeg,6,frog
image648.jpeg,3,cat
image649.jpeg,9,truck
image650.jpeg,3,cat
image651.jpeg,6,frog
image652.jpeg,5,dog
image653.jpeg,4,deer
image654.jpeg,8,ship
image655.jpeg,2,bird
image656.jpeg,9,truck
image657.jpeg,5,dog
image658.jpeg,2,bird
image659.jpeg,4,deer
image660.jpeg,1,automobile
image661.jpeg,2,bird
image662.jpeg,3,cat
image663.jpeg,8,ship
image664.jpeg,0,airplane
image665.jpeg,1,automobile
image666.jpeg,5,dog
image667.jpeg,2,bird
image668.jpeg,9,truck
image669.jpeg,8,ship
image670.jpeg,6,frog
image671.jpeg,8,ship
image672.jpeg,5,dog
image673.jpeg,3,cat
image674.jpeg,0,airplane
image675.jpeg,1,automobile
image676.jpeg,0,airplane
image677.jpeg,7,horse
image678.jpeg,0,airplane
image679.jpeg,5,dog
image680.jpeg,7,horse
image681.jpeg,5,dog
image682.jpeg,8,ship
image683.jpeg,2,bird
image684.jpeg,5,dog
image685.jpeg,3,cat
image686.jpeg,3,cat
image687.jpeg,1,automobile
image688.jpeg,7,horse
image689.jpeg,7,horse
image690.jpeg,8,ship
image691.jpeg,7,horse
image692.jpeg,3,cat
image693.jpeg,4,deer
image694.jpeg,1,automobile
image695.jpeg,1,automobile
image696.jpeg,7,horse
image697.jpeg,4,deer
image698.jpeg,1,automobile
image699.jpeg,3,cat
image700.jpeg,0,airplane
image701.jpeg,5,dog
image702.jpeg,0,airplane
image703.jpeg,1,automobile
image704.jpeg,6,frog
image705.jpeg,8,ship
image706.jpeg,3,cat
image707.jpeg,0,airplane
image708.jpeg,3,cat
image709.jpeg,1,automobile
image710.jpeg,0,airplane
image711.jpeg,9,truck
image712.jpeg,7,horse
image713.jpeg,3,cat
image714.jpeg,8,ship
image715.jpeg,2,bird
image716.jpeg,7,horse
image717.jpeg,5,dog
image718.jpeg,8,ship
image719.jpeg,8,ship
image720.jpeg,1,automobile
image721.jpeg,2,bird
image722.jpeg,5,dog
image723.jpeg,3,cat
image724.jpeg,5,dog
image725.jpeg,0,airplane
image726.jpeg,1,automobile
image727.jpeg,9,truck
image728.jpeg,7,horse
image729.jpeg,0,airplane
image730.jpeg,7,horse
image731.jpeg,4,deer
image732.jpeg,2,bird
image733.jpeg,4,deer
image734.jpeg,8,ship
image735.jpeg,2,bird
image736.jpeg,1,automobile
image737.jpeg,5,dog
image738.jpeg,3,cat
image739.jpeg,6,frog
image740.jpeg,8,ship
image741.jpeg,5,dog
image742.jpeg,7,horse
image743.jpeg,4,deer
image744.jpeg,5,dog
image745.jpeg,2,bird
image746.jpeg,4,deer
image747.jpeg,0,airplane
image748.jpeg,2,bird
image749.jpeg,6,frog
image750.jpeg,5,dog
image751.jpeg,0,airplane
image752.jpeg,7,horse
image753.jpeg,7,horse
image754.jpeg,6,frog
image755.jpeg,8,ship
image756.jpeg,3,cat
image757.jpeg,4,deer
image758.jpeg,3,cat
image759.jpeg,3,cat
image760.jpeg,0,airplane
image761.jpeg,5,dog
image762.jpeg,2,bird
image763.jpeg,4,deer
image764.jpeg,2,bird
image765.jpeg,2,bird
image766.jpeg,5,dog
image767.jpeg,1,automobile
image768.jpeg,2,bird
image769.jpeg,4,deer
image770.jpeg,8,ship
image771.jpeg,2,bird
image772.jpeg,2,bird
image773.jpeg,7,horse
image774.jpeg,0,airplane
image775.jpeg,4,deer
image776.jpeg,4,deer
image777.jpeg,7,horse
image778.jpeg,9,truck
image779.jpeg,2,bird
image780.jpeg,4,deer
image781.jpeg,9,truck
image782.jpeg,6,frog
image783.jpeg,9,truck
image784.jpeg,9,truck
image785.jpeg,7,horse
image786.jpeg,6,frog
image787.jpeg,2,bird
image788.jpeg,3,cat
image789.jpeg,7,horse
image790.jpeg,3,cat
image791.jpeg,1,automobile
image792.jpeg,5,dog
image793.jpeg,6,frog
image794.jpeg,4,deer
image795.jpeg,1,automobile
image796.jpeg,9,truck
image797.jpeg,3,cat
image798.jpeg,6,frog
image799.jpeg,6,frog
image800.jpeg,8,ship
image801.jpeg,6,frog
image802.jpeg,5,dog
image803.jpeg,4,deer
image804.jpeg,5,dog
image805.jpeg,8,ship
image806.jpeg,9,truck
image807.jpeg,7,horse
image808.jpeg,0,airplane
image809.jpeg,6,frog
image810.jpeg,9,truck
image811.jpeg,8,ship
image812.jpeg,5,dog
image813.jpeg,4,deer
image814.jpeg,0,airplane
image815.jpeg,1,automobile
image816.jpeg,9,truck
image817.jpeg,2,bird
image818.jpeg,2,bird
image819.jpeg,4,deer
image820.jpeg,0,airplane
image821.jpeg,3,cat
image822.jpeg,5,dog
image823.jpeg,7,horse
image824.jpeg,7,horse
image825.jpeg,1,automobile
image826.jpeg,9,truck
image827.jpeg,5,dog
image828.jpeg,1,automobile
image829.jpeg,2,bird
image830.jpeg,0,airplane
image831.jpeg,7,horse
image832.jpeg,1,automobile
image833.jpeg,6,frog
image834.jpeg,5,dog
image835.jpeg,1,automobile
image836.jpeg,8,ship
image837.jpeg,6,frog
image838.jpeg,9,truck
image839.jpeg,0,airplane
image840.jpeg,9,truck
image841.jpeg,2,bird
image842.jpeg,3,cat
image843.jpeg,9,truck
image844.jpeg,5,dog
image845.jpeg,9,truck
image846.jpeg,8,ship
image847.jpeg,8,ship
image848.jpeg,7,horse
image849.jpeg,8,ship
image850.jpeg,2,bird
image851.jpeg,7,horse
image852.jpeg,2,bird
image853.jpeg,5,dog
image854.jpeg,2,bird
image855.jpeg,9,truck
image856.jpeg,8,ship
image857.jpeg,8,ship
image858.jpeg,6,frog
image859.jpeg,1,automobile
image860.jpeg,6,frog
image861.jpeg,8,ship
image862.jpeg,3,cat
image863.jpeg,5,dog
image864.jpeg,3,cat
image865.jpeg,5,dog
image866.jpeg,3,cat
image867.jpeg,5,dog
image868.jpeg,3,cat
image869.jpeg,0,airplane
image870.jpeg,3,cat
image871.jpeg,4,deer
image872.jpeg,9,truck
image873.jpeg,2,bird
image874.jpeg,4,deer
image875.jpeg,1,automobile
image876.jpeg,7,horse
image877.jpeg,9,truck
image878.jpeg,2,bird
image879.jpeg,8,ship
image880.jpeg,1,automobile
image881.jpeg,5,dog
image882.jpeg,9,truck
image883.jpeg,2,bird
image884.jpeg,5,dog
image885.jpeg,2,bird
image886.jpeg,9,truck
image887.jpeg,4,deer
image888.jpeg,4,deer
image889.jpeg,4,deer
image890.jpeg,3,cat
image891.jpeg,2,bird
image892.jpeg,4,deer
image893.jpeg,2,bird
image894.jpeg,0,airplane
image895.jpeg,9,truck
image896.jpeg,3,cat
image897.jpeg,4,deer
image898.jpeg,1,automobile
image899.jpeg,8,ship
image900.jpeg,9,truck
image901.jpeg,6,frog
image902.jpeg,3,cat
image903.jpeg,1,automobile
image904.jpeg,3,cat
image905.jpeg,8,ship
image906.jpeg,0,airplane
image907.jpeg,4,deer
image908.jpeg,0,airplane
image909.jpeg,4,deer
image910.jpeg,6,frog
image911.jpeg,5,dog
image912.jpeg,3,cat
image913.jpeg,1,automobile
image914.jpeg,0,airplane
image915.jpeg,7,horse
image916.jpeg,8,ship
image917.jpeg,6,frog
image918.jpeg,5,dog
image919.jpeg,5,dog
image920.jpeg,1,automobile
image921.jpeg,4,deer
image922.jpeg,2,bird
image923.jpeg,3,cat
image924.jpeg,6,frog
image925.jpeg,1,automobile
image926.jpeg,0,airplane
image927.jpeg,1,automobile
image928.jpeg,7,horse
image929.jpeg,1,automobile
image930.jpeg,6,frog
image931.jpeg,7,horse
image932.jpeg,8,ship
image933.jpeg,6,frog
image934.jpeg,0,airplane
image935.jpeg,6,frog
image936.jpeg,8,ship
image937.jpeg,2,bird
image938.jpeg,8,ship
image939.jpeg,4,deer
image940.jpeg,9,truck
image941.jpeg,2,bird
image942.jpeg,4,deer
image943.jpeg,9,truck
image944.jpeg,3,cat
image945.jpeg,3,cat
image946.jpeg,9,truck
image947.jpeg,7,horse
image948.jpeg,2,bird
image949.jpeg,8,ship
image950.jpeg,1,automobile
image951.jpeg,3,cat
image952.jpeg,2,bird
image953.jpeg,4,deer
image954.jpeg,4,deer
image955.jpeg,0,airplane
image956.jpeg,2,bird
image957.jpeg,2,bird
image958.jpeg,9,truck
image959.jpeg,3,cat
image960.jpeg,2,bird
image961.jpeg,3,cat
image962.jpeg,6,frog
image963.jpeg,7,horse
image964.jpeg,4,deer
image965.jpeg,2,bird
image966.jpeg,8,ship
image967.jpeg,9,truck
image968.jpeg,0,airplane
image969.jpeg,5,dog
image970.jpeg,8,ship
image971.jpeg,4,deer
image972.jpeg,3,cat
image973.jpeg,9,truck
image974.jpeg,0,airplane
image975.jpeg,1,automobile
image976.jpeg,5,dog
image977.jpeg,8,ship
image978.jpeg,1,automobile
image979.jpeg,1,automobile
image980.jpeg,6,frog
image981.jpeg,4,deer
image982.jpeg,1,automobile
image983.jpeg,0,airplane
image984.jpeg,9,truck
image985.jpeg,2,bird
image986.jpeg,0,airplane
image987.jpeg,6,frog
image988.jpeg,3,cat
image989.jpeg,2,bird
image990.jpeg,7,horse
image991.jpeg,4,deer
image992.jpeg,9,truck
image993.jpeg,3,cat
image994.jpeg,4,deer
image995.jpeg,0,airplane
image996.jpeg,0,airplane
image997.jpeg,4,deer
image998.jpeg,2,bird
image999.jpeg,7,horse
